model,rmse_all,rmse_clean,delta_clean_minus_all
ens::mean,34.87364383964517,34.507128940570965,-0.366514899074204
ens::blend20,34.985854802458995,33.94907277004991,-1.0367820324090857
base::xgboost,35.81158307617628,35.38042761475792,-0.43115546141835637
base::lightgbm,36.17015890907604,35.79968650297007,-0.3704724061059679
